{
  "images" : [
    {
      "idiom" : "universal"
    },
    {
      "idiom" : "universal",
      "scale" : "1x",
      "filename" : "babifud-nav-compass-icon-unselected-1.png"
    },
    {
      "idiom" : "universal",
      "scale" : "2x",
      "filename" : "babifud-nav-compass-icon-unselected@2x.png"
    },
    {
      "idiom" : "universal",
      "scale" : "3x",
      "filename" : "babifud-nav-compass-icon-unselected@3x.png"
    }
  ],
  "info" : {
    "version" : 1,
    "author" : "xcode"
  }
}